{
  "tinystories_on_tinystories": {
    "tokenizer": "tinystories",
    "dataset": "tinystories",
    "vocab_size": 10000,
    "num_samples": 10,
    "compression_ratios": [
      4.072625698324022,
      4.191011235955056,
      4.100323624595469,
      3.948717948717949,
      4.160896130346232,
      3.967479674796748,
      3.838202247191011,
      4.345864661654136,
      4.2683544303797465,
      4.118040089086859
    ],
    "average_ratio": 4.101151574104723,
    "throughputs_bytes_per_sec": [
      33742.166192147255,
      30704.886795415292,
      32880.72743472343,
      31387.800279761057,
      31425.439246578357,
      32680.887937985488,
      31584.784149126597,
      29116.266673072074,
      28424.186632795794,
      38798.84380940946
    ],
    "average_throughput_bytes_per_sec": 32074.598915101484,
    "average_throughput_mb_per_sec": 0.030588721194364055
  },
  "openwebtext_on_tinystories": {
    "tokenizer": "openwebtext",
    "dataset": "tinystories",
    "vocab_size": 32000,
    "num_samples": 10,
    "compression_ratios": [
      3.888,
      4.144444444444445,
      3.996845425867508,
      3.9271402550091077,
      4.144016227180527,
      3.7683397683397684,
      3.8642533936651584,
      4.297397769516729,
      3.85812356979405,
      4.072687224669603
    ],
    "average_ratio": 3.9961248078486897,
    "throughputs_bytes_per_sec": [
      11790.566521420584,
      9971.4961271808,
      10852.780123391489,
      11067.618481361857,
      11902.544385750221,
      8879.645095376713,
      10387.706256370995,
      8843.577955145696,
      9198.405983467419,
      10556.699421477479
    ],
    "average_throughput_bytes_per_sec": 10345.104035094326,
    "average_throughput_mb_per_sec": 0.00986586001882012
  }
}